review_id,review_text,rating,date,bank_name,app_name,source,thumbs_up
3463230e-f9f7-4be3-a632-fdd8d017ce84,üôèüëç,5,2025-11-28,BOA,BOA Mobile,Google Play Store,0
a6cbfa34-f2b1-4a16-96b6-c94f58cea76f,Very Good,5,2025-11-28,BOA,BOA Mobile,Google Play Store,0
fc67d12c-92e2-45aa-a9e0-011f58a583bc,goof,5,2025-11-28,BOA,BOA Mobile,Google Play Store,0
11306fb9-5571-4950-8d32-604c5402242f,good!,5,2025-11-28,BOA,BOA Mobile,Google Play Store,0
809c46d2-730e-446a-9061-2a45e978ad9d,good jop,5,2025-11-27,BOA,BOA Mobile,Google Play Store,0
f28a3a3c-eb94-4aab-88d2-89bcecebcc7b,bad exprience...it is so crushed,1,2025-11-27,BOA,BOA Mobile,Google Play Store,0
4ed89e8c-16dc-4763-94ca-04d05cf799a5,not user friendly at all it requires a huge connectivity and also lags many times üòëüòëüòë,1,2025-11-26,BOA,BOA Mobile,Google Play Store,0
f5bfd792-bc81-4d06-99c9-06c7743d3e09,·àù·äï·àù ·ã®·àõ·ã≠ ·à∞·à´,1,2025-11-26,BOA,BOA Mobile,Google Play Store,0
7ef21cf6-d226-4370-ab96-01c909dbc58d,very good,5,2025-11-25,BOA,BOA Mobile,Google Play Store,0
896ee9aa-a483-4b1f-b73c-0a26c4b54790,most of the time is not working properly,1,2025-11-24,BOA,BOA Mobile,Google Play Store,0
15c3586b-e672-48db-b3c0-09508375763f,good service,5,2025-11-24,BOA,BOA Mobile,Google Play Store,0
6f7113d8-180e-4f3d-83d9-fbe55f9edd69,not use for me,3,2025-11-23,BOA,BOA Mobile,Google Play Store,0
d36fbdcb-b57e-4384-8e5b-ae549e25b33e,It keeps notifying me to disable developer options and quiet while I'm not enabled. always bring another type of problem with new updates.,1,2025-11-22,BOA,BOA Mobile,Google Play Store,0
2d630116-152e-4dbb-bb7a-d7f93bbafbc5,waw,5,2025-11-20,BOA,BOA Mobile,Google Play Store,0
b9fa948b-07bc-41f5-9e49-5e612b9a9db6,the lag is unbelievable when you need it the most this suks,1,2025-11-19,BOA,BOA Mobile,Google Play Store,0
c198f602-e9fb-4b61-ad3a-8efe42269b8d,I cant belive I could find the worst bank app ever .yet very simple to fix the problem and the company just ignored it. no body can do business with this kind of app.,1,2025-11-18,BOA,BOA Mobile,Google Play Store,0
afad642f-39c4-4db0-adbf-5fbe7143f960,it is a good app,5,2025-11-17,BOA,BOA Mobile,Google Play Store,0
9fb5fdaa-6172-43c1-ba46-2fcdfcd84c13,it is not working at all,1,2025-11-15,BOA,BOA Mobile,Google Play Store,0
58ccb5e9-0cf7-413c-8bb4-6515d4863bc1,ü•∞ü•∞ü•∞ü•∞ü•∞ app is good but i was live in abroad and when i enter my otp code it didnt make me to write my code it the app want it self write thats not fair so please other wise i like it why,5,2025-11-15,BOA,BOA Mobile,Google Play Store,41
0ed79d57-a54c-4541-9df0-67e1e8c72be3,when trying to activate the app it keeps on loading on the security questions page. It has been two days,1,2025-11-12,BOA,BOA Mobile,Google Play Store,0
f38caf5b-4580-4a9f-819f-f4cd3d789176,fast and simple,5,2025-11-10,BOA,BOA Mobile,Google Play Store,0
6a7a5c64-4056-404d-b37e-60bf1d6ee90a,best of best,5,2025-11-10,BOA,BOA Mobile,Google Play Store,0
9f9ace0f-c63b-4482-a159-12c2bcd357ae,Worest Banking App Ever I seen. Fake App Bad Better to Leave,1,2025-11-10,BOA,BOA Mobile,Google Play Store,0
52b82149-19da-40cd-b8ce-a86e0b2c789c,good,4,2025-11-10,BOA,BOA Mobile,Google Play Store,0
c6661ae9-95ab-4a2d-be7b-ad93bb48f278,"I would like to share feedback regarding the application. It frequently experiences disruptions and does not function properly, often freezing or failing to load. This issue is affecting workflow and efficiency. Kindly review and address this problem to ensure smoother performance.",1,2025-11-08,BOA,BOA Mobile,Google Play Store,77
493dc1a0-1d88-4d43-93ab-9b3c9d7426d9,Meet you genuine.App I tried is not functional.Helping.welldoingwith BOA Ethiopia .fastandrelevant.morconnecting Digitalyworld.Digitalyworld. thanks.,5,2025-11-08,BOA,BOA Mobile,Google Play Store,0
61a85d6e-8111-4add-9c9a-ebf8a25b2bca,best app,5,2025-11-08,BOA,BOA Mobile,Google Play Store,0
33b76ccc-05cf-445d-84a6-a5e516bac406,Best app,5,2025-11-07,BOA,BOA Mobile,Google Play Store,0
aa74e8f9-67d1-486a-a601-761ce0c79a4e,"Barely works, it always fails to connect",1,2025-11-07,BOA,BOA Mobile,Google Play Store,0
6308cb59-e418-4559-80e1-b53d44ce7c9a,my fav app,5,2025-11-06,BOA,BOA Mobile,Google Play Store,0
8fa4d905-fcd5-4124-8745-0014e9e746cf,this app launch time is so long also has dozen bugs in addition it's has been long time get update,1,2025-11-05,BOA,BOA Mobile,Google Play Store,2
6b603751-56ea-4108-95f6-a26ee49a7bdf,very nice,5,2025-11-04,BOA,BOA Mobile,Google Play Store,0
e7e0dd5b-59ee-4ed8-abe8-821ed28c1a6f,"Your application is very irritating to use, some functionality doesn't even work like on the card management. You need to do better than this and it good idea to reference other banking applications.",3,2025-11-04,BOA,BOA Mobile,Google Play Store,10
df1f28f7-9a40-4a51-83bb-7e2fb7bc932c,I like,5,2025-11-02,BOA,BOA Mobile,Google Play Store,1
a64c9c77-83d3-4e1b-b264-4bd5e2d3d349,·ãà·ã≠ ·ä†·àª·àΩ·àâ·âµ·äì ·ä•·äï·å†·âÄ·àù·â†·âµ ·ã´·àà·ã´ ·â•·â≥·å†·çâ·âµ ·ã≠·àª·àã·àç·ç¢ ·â†·âÉ ·àù·äï·àù ·äê·åà·à≠ ·ä†·ã≠·à∞·à´·àù ·àò·â∞·åç·â†·à™·ã´ ·ä†·àà·äï ·â•·àã·âΩ·àÅ ·ä•·äï·ã≥·â≥·ãà·à© ·àà·àõ·äï·àù ·ã®·àõ·ã≠·àò·ä®·à≠ ·âÄ·à≠·çã·çã·äì ·â∞·åç·â£·à≠ ·ã®·àà·àΩ ·àò·â∞·åç·â†·à™·ã´,1,2025-11-01,BOA,BOA Mobile,Google Play Store,0
a2d5bdf0-ff92-408b-be55-a4bfa7b61fbc,i m sorry but it doesn't work for my android it is too slow but other bank are very fast please update,1,2025-10-30,BOA,BOA Mobile,Google Play Store,0
8312e6d0-3b41-4061-b83f-54f6fcb4317a,"the worst app ever,",1,2025-10-30,BOA,BOA Mobile,Google Play Store,0
ee7fb8e2-bcde-4ae5-8ac5-49450e57dd5c,better,5,2025-10-29,BOA,BOA Mobile,Google Play Store,1
924bdf3b-0b78-4402-9aaf-d1cbc39cc6af,"I kindly request that Bank of abyssinia address issues with its mobile app. It is very slow, has numerous problems, and frequently experiences downtime. The user experience is also poor. Thank you.",1,2025-10-28,BOA,BOA Mobile,Google Play Store,0
426191d1-9b6d-4582-aeae-55633c041d3e,this app can't open? what is problem? please solve my problem?,1,2025-10-27,BOA,BOA Mobile,Google Play Store,0
f787c8fe-c207-4c5a-8156-e8cfa0f6652d,kiyaa makonn,5,2025-10-27,BOA,BOA Mobile,Google Play Store,0
1f73f73b-a5e4-4114-a45d-992a360ebb87,very very lazy app,1,2025-10-26,BOA,BOA Mobile,Google Play Store,0
b9b28cc3-4563-4f09-938c-b1adcc27bbf3,telebirr remittance,5,2025-10-24,BOA,BOA Mobile,Google Play Store,0
6606f3a3-dbc9-4032-a905-37c737501776,The best bank in üá™üáπ,5,2025-10-23,BOA,BOA Mobile,Google Play Store,1
df5cd433-7f0e-4e13-ae07-4200db1965c0,its good,5,2025-10-22,BOA,BOA Mobile,Google Play Store,0
9917233c-933c-444f-b986-e97d3fe0f682,the worst app in my financial experience.,1,2025-10-22,BOA,BOA Mobile,Google Play Store,0
29295b2c-ebe8-4dfe-9cd3-c3a5806b810b,good for mb appliciation,5,2025-10-21,BOA,BOA Mobile,Google Play Store,0
c9162816-c2cd-478c-ab34-9569f63d3711,the worst bank ever. slow don't accept dual sim. they are very stupid and greedy,1,2025-10-20,BOA,BOA Mobile,Google Play Store,0
1776b9e9-95d8-4811-bb94-61d28a7c19d1,try to easy network,4,2025-10-17,BOA,BOA Mobile,Google Play Store,0
d81ca31a-2ecd-4f0a-aab7-0a6f02da0696,hussen hassen umer,5,2025-10-16,BOA,BOA Mobile,Google Play Store,0
6725eae9-b141-4a7c-abcd-90125d0fa3bd,"The app is not suitable and lacks a good UI design. As a large bank, you must update your app with a professional UI that is fast and appropriate.",2,2025-10-16,BOA,BOA Mobile,Google Play Store,0
cdc789cd-c2e6-415e-906f-0bde3fa850b1,an exceptional banking app.,5,2025-10-15,BOA,BOA Mobile,Google Play Store,0
da8f72ca-3f4b-41f6-937e-c626b8240c8b,alhamdulilah,5,2025-10-10,BOA,BOA Mobile,Google Play Store,0
8b37e090-01ff-4f7c-bfdc-3e781996d2a9,poor,5,2025-10-10,BOA,BOA Mobile,Google Play Store,0
32133348-ecd7-47e0-9e98-7f1702419599,Best of best,5,2025-10-08,BOA,BOA Mobile,Google Play Store,0
68b7a597-8133-4584-9c3f-1e26fa21184e,from the last week updates the app is not working Please check the problems,1,2025-10-08,BOA,BOA Mobile,Google Play Store,0
546df11c-e603-4f04-963e-ae1cd2be9561,It's always crushing,1,2025-10-08,BOA,BOA Mobile,Google Play Store,0
147dc910-f84e-4950-9cd0-a6ce1ca0b070,office branches have to improve their services please,4,2025-10-06,BOA,BOA Mobile,Google Play Store,0
ccbeff90-e9fd-4a74-807f-d16d8bbe02e5,‚ô•Ô∏è‚ô•Ô∏è,5,2025-10-05,BOA,BOA Mobile,Google Play Store,0
7345b274-906c-4bfc-b37d-8131020ad13e,Why does it keep crashing? I can't even use this. BOA should do better. You have many customers and how to deal with this. I can't send money now.,1,2025-10-05,BOA,BOA Mobile,Google Play Store,3
4587385c-78c9-4310-b8aa-da0bce565a91,it needs a timely update,5,2025-10-02,BOA,BOA Mobile,Google Play Store,0
1310296e-3850-494f-83bc-936ea27684ab,"It does not show the name of the person who sent the money to request a receipt. This has become very difficult for us. When different people transfer the same amount to me from different banks, it is very difficult to identify the account or the name of the sender.",3,2025-10-01,BOA,BOA Mobile,Google Play Store,50
00dddad5-915e-4fc1-9166-b5d7ce59ad88,Like,5,2025-10-01,BOA,BOA Mobile,Google Play Store,0
baad5c11-63e6-4b64-9006-c4cb1481036d,I can't type my otp on it.,1,2025-10-01,BOA,BOA Mobile,Google Play Store,0
7481b511-72a1-4592-8087-c029fc656e67,"most of bank apps in Ethiopia are linked with ethiopian phone number, I live in US permanently so when I open BoA account, I told them where I live and to link it with email address instead of phone # as ethio phone number is not working where I live, unfortunetly my fear appeared and now when I change my phone device, it send the code to the ethio number which is not with me now. so please when u develop bank apps consider the diaspora community to use ur apps",1,2025-10-01,BOA,BOA Mobile,Google Play Store,0
e3e7b9d3-10a9-443b-89b9-34160443c78a,jaajja,4,2025-09-30,BOA,BOA Mobile,Google Play Store,0
b768c25c-bc3a-4d57-8c45-97e489546662,I love this bank the best experience ever.,5,2025-09-27,BOA,BOA Mobile,Google Play Store,7
c90fb60a-ea63-47f0-aa65-fcb41b6534e1,"Nothing has been improved, it doesn't work like the previous version.",1,2025-09-25,BOA,BOA Mobile,Google Play Store,3
82e245b0-2790-45ce-a1a3-1aa9a0afaa95,easy and fast,5,2025-09-23,BOA,BOA Mobile,Google Play Store,0
d849294b-9d5d-4026-96ec-6dd20968fa57,Great,5,2025-09-20,BOA,BOA Mobile,Google Play Store,0
eecf4f77-29ed-40cd-a228-b325ee459350,mobile banking,5,2025-09-19,BOA,BOA Mobile,Google Play Store,0
4c7e9031-a452-48ce-b5fd-4b5a0940b553,very good,5,2025-09-18,BOA,BOA Mobile,Google Play Store,0
e0b237d8-0ec7-453f-9e1d-fe22e2910620,üòé,5,2025-09-17,BOA,BOA Mobile,Google Play Store,0
a05681a9-b69a-48b6-92c5-79a7d916bd61,"need alot of connection, chooses device, very lug even when there is connection",1,2025-09-17,BOA,BOA Mobile,Google Play Store,0
7cedd008-b817-442b-9da0-76ea15713450,On my ios it's perfect but on android it barley works and don't transfer and after a while it crushed and totally stopped working. Please fix the issue my beloved bank of abyssinia.,1,2025-09-15,BOA,BOA Mobile,Google Play Store,179
14d8c41d-2533-40c1-97f2-7df99a3d3a44,since the last update i can open the app crashes a lot and omg its being very slow opening and loading,2,2025-09-15,BOA,BOA Mobile,Google Play Store,0
3c11bafa-cf87-41c0-ba29-714ab4cd69a5,none,5,2025-09-14,BOA,BOA Mobile,Google Play Store,0
9832f735-8230-4dd6-8aad-2f743e2792b1,good,2,2025-09-12,BOA,BOA Mobile,Google Play Store,0
814a08ab-8eb9-4aa6-ae64-341f62b5ae47,good,5,2025-09-12,BOA,BOA Mobile,Google Play Store,0
4bf673d6-7d6f-431c-8844-a6c7eb4c65d3,very good app i ever used,5,2025-09-11,BOA,BOA Mobile,Google Play Store,0
dfad5025-20f7-4556-bdaf-294785947fa3,its nice app especially the transaction limit is extended but We face that BoA m.banking app doesn't respond at the activation stage strictly at SMSNG mobile phone. please try this to make safe.,4,2025-09-11,BOA,BOA Mobile,Google Play Store,12
4b92ba94-d858-4fcb-a2ae-45fc41c1fa26,zedo,5,2025-09-10,BOA,BOA Mobile,Google Play Store,0
a56b1202-a6db-405b-aba1-586a16bc417d,please open my mobile app,5,2025-09-10,BOA,BOA Mobile,Google Play Store,0
d876a31d-e463-4340-a67e-9a950e182865,it doesn't open,1,2025-09-10,BOA,BOA Mobile,Google Play Store,0
a31076d0-b574-405f-8495-675485f16a71,Very Good,5,2025-09-08,BOA,BOA Mobile,Google Play Store,1
88632aa1-f7db-4599-aa99-9b51523534e8,masha alla,5,2025-09-07,BOA,BOA Mobile,Google Play Store,0
dc3c97a2-0fe6-4a49-a2d3-9cc949380a0d,Best banking transaction application in Ethiopia !,5,2025-09-05,BOA,BOA Mobile,Google Play Store,0
516af455-a65f-4ddf-94e0-03cceae923c6,ÿßŸÑÿ≥ŸÑÿßŸÖ ÿπŸÑŸäŸÉŸÖ Ÿàÿ±ÿ≠ŸÖÿ© ÿßŸÑŸÑŸá Ÿàÿ®ÿ±ŸÉÿßÿ™Ÿá ŸÖÿßÿ¥ÿßÿ° ÿßŸÑŸÑŸá ÿ™ÿ®ÿßÿ±ŸÉ ÿßŸÑÿ±ÿ≠ŸÖŸÜ Ÿáÿ∞ÿß ÿßŸÑÿ™ÿ∑ÿ®ŸäŸÇ ŸÖŸÖÿ™ÿßÿ≤ ÿ¨ÿØÿß,5,2025-09-04,BOA,BOA Mobile,Google Play Store,0
613dff98-be45-4f37-8feb-01e382393e26,tamaam kamal,1,2025-09-03,BOA,BOA Mobile,Google Play Store,0
8dd6713b-09cf-427c-a0f0-ee063f61a9d8,·â†·å£·àù ·àê·à™·çç,5,2025-09-03,BOA,BOA Mobile,Google Play Store,0
8ac466a3-5bbb-452d-88bc-ceaae6c5bec0,great üëç,5,2025-09-01,BOA,BOA Mobile,Google Play Store,0
45e502bd-bd62-4895-b534-d75b2dae7c75,goof,4,2025-08-31,BOA,BOA Mobile,Google Play Store,0
0e665f33-628c-4799-a991-53cf66b89ed0,absiniya banki,5,2025-08-29,BOA,BOA Mobile,Google Play Store,0
3e8a43b7-e4a5-4ba0-850e-332a7dad3a24,has issue after installation and i think it doesn't work with tecno common 30,1,2025-08-26,BOA,BOA Mobile,Google Play Store,0
abb3b6f4-ed3d-4013-b997-0efb664037a5,One of the best in this business,5,2025-08-25,BOA,BOA Mobile,Google Play Store,0
8a5e1510-bc3f-4f70-8915-f79a839f041e,Excellent,5,2025-08-20,BOA,BOA Mobile,Google Play Store,0
c9cc8b5a-f0aa-437a-8e5c-99035cad23da,besatü•∞,5,2025-08-19,BOA,BOA Mobile,Google Play Store,0
bc8bfdb0-596e-4ed3-a07d-c3ac71061fee,unlimited experience,5,2025-08-17,BOA,BOA Mobile,Google Play Store,0
ec30627f-c9a0-48f6-8fd2-38fcae3ab112,"as bank, u should at least hire someone good at their job bc this a joke nowadays I can't even log in or even transfer without it crashing if u fix the app I will update this review I am counting on u boa update: so they atleast fixed it but as suggestion can u put password when in final step of sending money it will feel more secure that way",4,2025-08-16,BOA,BOA Mobile,Google Play Store,8
656865bb-7ee3-4fef-9f23-b6728b2b6ab9,very nice mobile banking app my favourite,5,2025-08-16,BOA,BOA Mobile,Google Play Store,0
ac500ef1-8d40-4c19-b862-c5f47b165e97,"it almost never boots up!!! and even if it did, it crashes immediately",1,2025-08-15,BOA,BOA Mobile,Google Play Store,1
e080468a-5b05-476e-9275-923d859a7b98,best apps,5,2025-08-15,BOA,BOA Mobile,Google Play Store,0
cd3d7bda-43cf-46f8-bd12-065f026e2ba2,the worst app ever to exist in a bank history,1,2025-08-15,BOA,BOA Mobile,Google Play Store,0
17d27fe8-201d-465e-900c-4510058bd581,thank you,5,2025-08-13,BOA,BOA Mobile,Google Play Store,0
161dbde7-f447-412e-abf3-8ae5e7ba5012,Best mobile app in the country,5,2025-08-13,BOA,BOA Mobile,Google Play Store,0
17fac6e4-55d0-48dc-8fd1-e3908c6e6689,not fast,2,2025-08-12,BOA,BOA Mobile,Google Play Store,0
bffe6663-e88f-4a08-97bc-e6ea6b2d8227,keeps freezing at the front page.,1,2025-08-10,BOA,BOA Mobile,Google Play Store,0
6dd324c1-79ef-4935-9c87-ad0fd8fd1635,it is not working on redminote 11 pro+ pls fix it,1,2025-08-07,BOA,BOA Mobile,Google Play Store,1
aefe5a77-71f4-4efa-92e6-b4a1b4a48e9e,abseniya bank app,5,2025-08-07,BOA,BOA Mobile,Google Play Store,0
6e923bac-5ac7-4d3e-bd1c-137246d24a68,good,5,2025-08-05,BOA,BOA Mobile,Google Play Store,0
e6ec7d3b-beb3-40ac-a615-9a0bae85e39d,yes goode app,5,2025-08-03,BOA,BOA Mobile,Google Play Store,0
b54ed906-d409-4107-9dba-3d91d4c04274,Great App,5,2025-08-02,BOA,BOA Mobile,Google Play Store,0
a7eb5cbd-790a-4537-8278-ccaef158654b,1) Crashes repeatedly 2) Takes Century to Boot 3) Repeatedly requires Update which is very annoying. 4) It doesn't ask for Password for one step confirmation when transferring money. 5) Automatically stops music when the app is launched (it doesn't really matter just fyi) Overall this have to be the worst mobile banking app I have tried so far and should not be released with all these bugs & issues.,1,2025-08-02,BOA,BOA Mobile,Google Play Store,133
febb6ed8-2b62-4906-9390-d0a33773a09a,·à®·åÄ·â•·äê·à±,1,2025-07-31,BOA,BOA Mobile,Google Play Store,1
6df74cd0-b58b-472e-99f8-e437e64d98f3,The Worst Mobile Banking App.,1,2025-07-30,BOA,BOA Mobile,Google Play Store,1
709cbab6-f362-486c-b2cf-212062b30dfa,giod,5,2025-07-30,BOA,BOA Mobile,Google Play Store,1
207adaf3-2705-486b-846e-1f95c4d7f049,best bank in ethiopia,5,2025-07-29,BOA,BOA Mobile,Google Play Store,1
8edd9f83-57c8-4aaf-9c54-845d97e601aa,waqayyoo,5,2025-07-27,BOA,BOA Mobile,Google Play Store,0
5e5817ce-8960-4e99-9bae-3e9059357303,please is not working,2,2025-07-27,BOA,BOA Mobile,Google Play Store,0
b27ee212-10ec-499b-b36d-ff667d7b7085,nothing when I need to install the Apk it say that re-up date,5,2025-07-24,BOA,BOA Mobile,Google Play Store,0
94e809fb-94f8-4e0a-b3e8-1c4113c19f77,I can log in from any where,5,2025-07-22,BOA,BOA Mobile,Google Play Store,0
d17482ec-65b7-4cf1-bcad-aee54aafdf11,üòá,3,2025-07-20,BOA,BOA Mobile,Google Play Store,0
a6c71862-00d9-491c-928d-f557a845da4a,no proplem,5,2025-07-20,BOA,BOA Mobile,Google Play Store,0
c07e4e23-ae8a-4452-865e-a40606fa580c,üëçüëçüëç,5,2025-07-19,BOA,BOA Mobile,Google Play Store,0
2b131440-f01a-468e-9314-095ae0b77601,excellent app,5,2025-07-18,BOA,BOA Mobile,Google Play Store,0
0f1bbc73-93dc-487e-a47c-bb737edb0322,good work,5,2025-07-15,BOA,BOA Mobile,Google Play Store,0
87443995-5d26-402b-be89-3e4ab5b32d34,‚òπÔ∏è,5,2025-07-15,BOA,BOA Mobile,Google Play Store,0
66b8c002-46a8-4d54-aa18-2267d8bcb7fb,excellent,5,2025-07-14,BOA,BOA Mobile,Google Play Store,0
fc29df1f-0c69-40d6-a240-5b4e88ad84ae,Great BoA,5,2025-07-14,BOA,BOA Mobile,Google Play Store,0
60b6f839-529a-4017-a74b-76699322f85a,Good,5,2025-07-14,BOA,BOA Mobile,Google Play Store,0
b820b761-9c71-47bb-9fba-566f18ea294a,Okay,4,2025-07-13,BOA,BOA Mobile,Google Play Store,0
f2774304-2650-4e10-8854-25fe8d6de09e,not working,1,2025-07-12,BOA,BOA Mobile,Google Play Store,0
fe2fcc2e-a065-4210-a48b-4ea4e93f383e,This App is Getting worse and worse with every update,2,2025-07-11,BOA,BOA Mobile,Google Play Store,1
df1d7402-68cb-4f20-ae7f-d02866690692,·àù·à≠·å• ·äê·ãç,1,2025-07-10,BOA,BOA Mobile,Google Play Store,0
21a65f6a-5808-4a77-a341-a0230b3a6687,nice,5,2025-07-10,BOA,BOA Mobile,Google Play Store,0
4d8220eb-b875-46f6-9012-5e914943630e,Best app,5,2025-07-07,BOA,BOA Mobile,Google Play Store,0
aa23377c-3d61-4045-b061-96003d09d78b,meku,5,2025-07-07,BOA,BOA Mobile,Google Play Store,0
2b882b18-b832-42fa-8d2a-fb4a47ddf456,nice,4,2025-07-04,BOA,BOA Mobile,Google Play Store,0
285a819d-f45f-4f6f-a280-23588282f8b0,awasome app go a head,5,2025-07-03,BOA,BOA Mobile,Google Play Store,0
77a4a188-287b-48cb-ae67-678cdc476af6,üòé,5,2025-07-03,BOA,BOA Mobile,Google Play Store,0
5caae1bf-1a44-4370-8c45-19b8c0481d65,it sucks as hell. it crashes most of the time and takes a long time to load .,1,2025-07-02,BOA,BOA Mobile,Google Play Store,3
95520951-566d-4ddb-bf19-a9ecf5b6e35a,"The App is nice and easy to use but after some time it crushed and said ""Error check your device connectivity"" please fix it",3,2025-07-02,BOA,BOA Mobile,Google Play Store,25
d713bd24-8fc6-48e4-ad53-aeafeda8babc,Easy and very nice app to load more than the previouse but in recent time some loading problem detected.,5,2025-07-01,BOA,BOA Mobile,Google Play Store,188
8892853d-eb65-4c97-a859-2e848289f1a2,wow,5,2025-06-30,BOA,BOA Mobile,Google Play Store,0
7213dbd5-f192-45fd-96d1-3fc1db24759c,"The worst MBA I have experienced, The app crush frequently and they take to long to fix the problem even more than a week.",1,2025-06-26,BOA,BOA Mobile,Google Play Store,6
f27a8118-3cab-43a4-a0c4-8d6e235d05cf,amazing Banks Appüëåüëå,3,2025-06-25,BOA,BOA Mobile,Google Play Store,0
dd461228-95a6-4efc-afe3-a86fb7f26945,goof,5,2025-06-25,BOA,BOA Mobile,Google Play Store,0
84ef704f-9293-4fcb-a0fc-8a8dafd2d9ed,good App fore me,5,2025-06-25,BOA,BOA Mobile,Google Play Store,0
8b9c0316-a505-4e36-b2c3-844d7b9d209d,"very uninterested it's not working when the ""developer mode on"" i haven't off the developer options i preferred to uninstall your app .....",1,2025-06-24,BOA,BOA Mobile,Google Play Store,4
b873c393-1bbb-4f8d-a640-d8434841943d,fantastic,5,2025-06-22,BOA,BOA Mobile,Google Play Store,0
0be730db-8738-4932-baf2-397fb0275aff,üëç,4,2025-06-21,BOA,BOA Mobile,Google Play Store,0
f8b0d764-37b1-475e-bcda-03bd153eb20b,it's nice to use.,5,2025-06-20,BOA,BOA Mobile,Google Play Store,0
e4976dd0-7be3-4353-b6bd-5df3eb322f61,app doesn't start,1,2025-06-20,BOA,BOA Mobile,Google Play Store,0
2da4265c-ec1c-4460-a1d2-5e23b5539034,Excellent application,5,2025-06-18,BOA,BOA Mobile,Google Play Store,0
effbeeb2-b89d-43e6-96b0-8e1a78c1175a,its very bad app its very slow,1,2025-06-17,BOA,BOA Mobile,Google Play Store,0
9d73d4fd-005a-4232-a1b3-ff967998969e,·â•·ãô·ã¨ ·à∫·ãã·ã® ·â†·àà·å†,1,2025-06-15,BOA,BOA Mobile,Google Play Store,0
c2655979-af64-4649-aa42-af100716ede0,good,1,2025-06-15,BOA,BOA Mobile,Google Play Store,0
01f2460e-00ec-4071-910a-31ff89aac75f,Good job!,5,2025-06-13,BOA,BOA Mobile,Google Play Store,0
45d80ec5-3db4-4b45-af64-095a9fd0c355,best financial app.,5,2025-06-11,BOA,BOA Mobile,Google Play Store,1
81589db8-6bd8-4b68-816c-ec9e01408b97,·âÜ·äï·åÜ ·äê·ãç ·â†·à≠·â±,5,2025-06-11,BOA,BOA Mobile,Google Play Store,0
6ec1267b-af3c-4d2b-8715-181e7f4c6282,the worst app humans ever created,1,2025-06-09,BOA,BOA Mobile,Google Play Store,0
937102c6-ae88-419c-994b-80e520faacb8,it's not working,3,2025-06-05,BOA,BOA Mobile,Google Play Store,0
3559b91c-fad9-4032-bebe-cf99974b9628,"Hello, I‚Äôm facing a problem with the BOA Mobile app. Every time I enter my phone number and password, the app crashes and shows an error that says ‚ÄúBoaMobile closed because this app has a bug.‚Äù I tried updating, reinstalling, and clearing cache, but nothing worked. Please fix this bug in the next update. I really need access to my account. Thank you.",1,2025-06-03,BOA,BOA Mobile,Google Play Store,25
10e85f30-540d-4810-ba89-85a7e004480b,exceptional,5,2025-06-03,BOA,BOA Mobile,Google Play Store,0
d7f07898-4ba1-47b4-9e8c-a3cc10b1bf0f,BoA Mobile good bank,5,2025-06-02,BOA,BOA Mobile,Google Play Store,0
2ca9480b-ff5f-4b59-952c-5921db83dab2,this is worest app 24/7 loading,1,2025-06-01,BOA,BOA Mobile,Google Play Store,0
d9172c66-a605-4626-acc6-e1dbca0685cd,BoA system is confartable,5,2025-05-31,BOA,BOA Mobile,Google Play Store,0
c3f2810d-cf99-4600-90ac-bef47adb9e7a,"this app, for me , is a waste of time. It doesn't work . I can't even long in, and it really piss me off. FIX THE PROBLEM",1,2025-05-27,BOA,BOA Mobile,Google Play Store,0
512f8c2b-8fac-41cc-978a-b58e39a1ea5c,Good service.,3,2025-05-25,BOA,BOA Mobile,Google Play Store,0
76089146-b1c7-47f4-ab9f-44b6a1092225,the app crush frequently,1,2025-05-24,BOA,BOA Mobile,Google Play Store,0
9198a5bc-f914-4a18-ad44-d2b77094c02a,good,5,2025-05-22,BOA,BOA Mobile,Google Play Store,0
e244700c-1210-4280-b60b-b75964c982df,You guys keeps getting worst,1,2025-05-21,BOA,BOA Mobile,Google Play Store,0
b857156e-2647-4eee-a3f4-2eec417f721e,good,5,2025-05-21,BOA,BOA Mobile,Google Play Store,0
2e219268-96fd-400c-8632-0b0d1044f487,"This app is a joke. It crashes more than it works, takes forever to load, and half the features are just decorative at this point. Can‚Äôt log in, can‚Äôt transfer money, can‚Äôt even check my balance without it bugging out. To the developer: Are you actually trying to make this work, or is this some kind of social experiment to test our patience? Did you build this in your sleep? Because it definitely looks like it. If this is your idea of a functional app, maybe consider a different career pathüôè",1,2025-05-21,BOA,BOA Mobile,Google Play Store,247
86456197-428d-45e1-9c00-8dd85dcbb9e9,BoA,2,2025-05-20,BOA,BOA Mobile,Google Play Store,0
fe22c72e-7fba-4ae7-9b4f-097bdb51cc61,good,5,2025-05-20,BOA,BOA Mobile,Google Play Store,0
8ddf5c9f-f866-4817-ac5e-85c67bfa870e,but not opening on android,4,2025-05-19,BOA,BOA Mobile,Google Play Store,0
f8bb86fb-594a-48ea-be1f-d08ea0882b8e,Worst App ever. Totally unreliable. And it didn't work at all for the last 4 months.,1,2025-05-18,BOA,BOA Mobile,Google Play Store,12
190dccba-a7cf-4b2f-9b78-5bf8d3c280ae,amazing,5,2025-05-18,BOA,BOA Mobile,Google Play Store,0
49377d51-ea44-483e-a596-3d5bed4b3f9a,excellent,5,2025-05-15,BOA,BOA Mobile,Google Play Store,0
b640cc87-df88-4b6b-9b9f-13fe0bdd5dfa,"this app does no work on Samsung a51, it just gives a preview of the logo",1,2025-05-11,BOA,BOA Mobile,Google Play Store,0
141af3a7-96be-4fe5-9490-4cb8dfbf711e,nice,5,2025-05-10,BOA,BOA Mobile,Google Play Store,0
301f6927-9395-4cda-bb77-041a36323875,"i entered incorrect security question by mistake boa app lock pin forever, why is there no other options? ?? i contacted different branchs more then 4times but they didn't able to solve this issue .",5,2025-05-10,BOA,BOA Mobile,Google Play Store,355
9a02c524-0d8d-445e-97d4-d1f451b16d43,Best app,5,2025-05-09,BOA,BOA Mobile,Google Play Store,0
857bb685-6f7e-4db0-af37-eb2f1c1c6fd3,liking this application good üëç,5,2025-05-07,BOA,BOA Mobile,Google Play Store,0
62fa097e-3fd8-4522-a3a3-9b13f17f594d,"This app future is good, but there is problems with apps to reset and activate it, which is difficult even to the branch staffs, and it takes too long times to active at the branch plus most of the time high expected failure of activation after process at the counter and OTP sent not work",1,2025-05-06,BOA,BOA Mobile,Google Play Store,4
e4f9ad9a-576a-4bbe-a910-812fd1b7e08a,good,5,2025-05-06,BOA,BOA Mobile,Google Play Store,0
586aecda-30fc-4daf-bca7-2d37573a5e4e,good,5,2025-05-02,BOA,BOA Mobile,Google Play Store,0
0f3023a3-30af-479c-85e7-4165b2ce30c7,good,4,2025-04-30,BOA,BOA Mobile,Google Play Store,0
aa6d112e-713e-46d9-90a5-6c32c1b1d7ef,good,4,2025-04-30,BOA,BOA Mobile,Google Play Store,0
8571b294-c8c6-491b-99d3-52438a2b6dc6,wow,5,2025-04-28,BOA,BOA Mobile,Google Play Store,0
e255b972-0d40-4de1-99ff-44dbada62a16,it's really good üëç,5,2025-04-23,BOA,BOA Mobile,Google Play Store,0
dbd9dbf2-47ee-4103-8631-cd0ef79f4344,Bad app . it stuck when you open and noting WORKS.,1,2025-04-23,BOA,BOA Mobile,Google Play Store,2
8a4d9c01-9e5a-4732-a8ab-9341930b30c8,"the app isn't working after it asked me the password it starts loading, but it doesn't open",3,2025-04-20,BOA,BOA Mobile,Google Play Store,5
e523c50a-6f8f-4653-ad4d-5122ef8ddb9a,Best,2,2025-04-19,BOA,BOA Mobile,Google Play Store,0
3271d45f-2900-41b6-878c-669ac563e60a,It keeps showing this pop up to turn off developer options even tho it's off! I had to turn on and then off to make it work! This is a horrible experience and needs a fix asap! Plus kinda slow.,1,2025-04-18,BOA,BOA Mobile,Google Play Store,24
56788d9a-6194-40ce-b282-30c541eec4cf,yideg,1,2025-04-17,BOA,BOA Mobile,Google Play Store,0
527633dc-326a-40d3-8f50-663f5a355aee,great boa,5,2025-04-10,BOA,BOA Mobile,Google Play Store,0
152c96b7-b5f2-4b29-9812-ff59d9464615,Best,5,2025-04-10,BOA,BOA Mobile,Google Play Store,0
497345df-10e9-402a-bb96-88e16f8a803d,boa of mobile backing,5,2025-04-09,BOA,BOA Mobile,Google Play Store,0
6474e6df-7925-4e06-a67b-944237843b02,nice,5,2025-04-08,BOA,BOA Mobile,Google Play Store,0
f68ed25c-79db-4a9c-85e7-aaccd1671555,faster bank of Abissinya,5,2025-04-08,BOA,BOA Mobile,Google Play Store,0
94ef86ef-6437-4c31-96c5-efeb7f32829f,i would have given it a lower if it was possible because it crush so much and it take the bank so long to fix the bug,1,2025-04-08,BOA,BOA Mobile,Google Play Store,7
3b48fff7-6b38-4099-9c7c-cabc1bbbd92b,it just doesn't work...so frustrating,1,2025-04-07,BOA,BOA Mobile,Google Play Store,0
94d9f11f-f866-4439-a91b-c258140070e7,like,5,2025-04-06,BOA,BOA Mobile,Google Play Store,1
b10d3c9a-d5c8-422c-9bca-82a40310fb5c,it's not work correctly... you must have update it,1,2025-04-06,BOA,BOA Mobile,Google Play Store,2
8eed1a6d-6902-45fe-abc4-48dcbae22f85,"the app gets a considerable improvements like language , QR scanner and unlimited transfers survice. but BOA Please do alot on its fastness and convenient when we login and making a transactions.",5,2025-04-04,BOA,BOA Mobile,Google Play Store,20
b3a22053-e2b9-47e6-8083-a2e73a7c6bed,after i typed in my password it says successfully logged out ...and goes back to the first page,2,2025-04-04,BOA,BOA Mobile,Google Play Store,2
53263f41-9dd6-4165-a24a-a41fda4c390c,good but they don't update enough don't add new things,3,2025-04-04,BOA,BOA Mobile,Google Play Store,1
6686f694-5b08-4f44-a4de-2160c5ad6a62,very good,5,2025-04-02,BOA,BOA Mobile,Google Play Store,0
91372113-f427-4e6d-892a-571e1c40eee6,thank you,5,2025-04-01,BOA,BOA Mobile,Google Play Store,0
6eec96bf-b4c9-4dde-9814-059cf54b3f86,it doesn't work period z slowest mobile banking ever i would rather use *815#,1,2025-03-31,BOA,BOA Mobile,Google Play Store,1
1197ad29-5063-4999-888c-589582754caa,"after activated the application it not allowed to sign , automatically it is turn off In my phone, why ?",1,2025-03-31,BOA,BOA Mobile,Google Play Store,0
2ac5df83-d25c-41c5-ae60-64c7a77159c5,good application,5,2025-03-30,BOA,BOA Mobile,Google Play Store,0
e9072e9a-76dc-49d1-b423-cb64c4656802,this version is not working for me I cannot even buy card. I cannot send money,1,2025-03-30,BOA,BOA Mobile,Google Play Store,2
e52a6ccb-dc16-472c-84ef-2969c08a9318,"It can't actively on initialization, it says incorrect OTP getting the exact OTP",1,2025-03-29,BOA,BOA Mobile,Google Play Store,4
34f5b18e-0a79-40bb-94b6-4430d08e0c17,always problematic hardly works,1,2025-03-26,BOA,BOA Mobile,Google Play Store,1
b96d31a2-9360-43ab-ba3c-a44b324f8288,considering the fact the bank is huge this app really bad you could do better,1,2025-03-25,BOA,BOA Mobile,Google Play Store,1
c011e833-112f-4780-9a18-eaf17e5eff57,best app,5,2025-03-25,BOA,BOA Mobile,Google Play Store,1
316aafea-0134-4718-a056-b50a0eacb679,very good,5,2025-03-25,BOA,BOA Mobile,Google Play Store,1
1648df61-5880-4d2a-9ec1-c393c9ac474d,"worst app and Bank ever u be ashamed, scammer",1,2025-03-24,BOA,BOA Mobile,Google Play Store,0
f1de5d59-8021-423b-a02a-958993f6e85f,great BoA,5,2025-03-22,BOA,BOA Mobile,Google Play Store,0
5f3f6ba2-4517-48c3-b87d-f58179b8ef73,best,5,2025-03-21,BOA,BOA Mobile,Google Play Store,0
6b5a5455-dcd0-4a2a-8cbb-f0deb5706498,i have went to the bank so many times because i couldn't make any transaction i can only see my balance nothing else so what is the point of having mobile banking if i can't make any transaction with it please work in that,1,2025-03-21,BOA,BOA Mobile,Google Play Store,2
cd4e2229-6495-42e6-bd2b-3ff710dc9663,good,5,2025-03-20,BOA,BOA Mobile,Google Play Store,0
643f52aa-9981-4dfb-b058-573537f62ce5,good,5,2025-03-19,BOA,BOA Mobile,Google Play Store,1
376f374a-f480-46e2-bb4a-90e938ab3a59,there is no speed,1,2025-03-19,BOA,BOA Mobile,Google Play Store,0
c5cdb617-4335-491d-89ce-9c1aab9b0b2f,"For anyone who wants to download it, just don't!!!",1,2025-03-19,BOA,BOA Mobile,Google Play Store,0
26f2b9fc-1707-4e54-b04d-c9915a1e9a54,wonderful,5,2025-03-19,BOA,BOA Mobile,Google Play Store,1
799f010a-f795-4ad7-ba24-b67c4939529e,all worck,5,2025-03-19,BOA,BOA Mobile,Google Play Store,1
e39414aa-0b2e-4c4d-9a21-8302487cdda4,Loved it,5,2025-03-14,BOA,BOA Mobile,Google Play Store,1
c9a192de-b018-4dde-b0d0-b0201be0c3f7,Wow,1,2025-03-13,BOA,BOA Mobile,Google Play Store,0
7d475f3a-15b4-4e56-ae4b-1fc451749e61,"Edit: New bug, app not letting me type in my otp codes. Shameful Why does this app not allow me to use it while having developer options on? Did y'all consider that I might, perhaps, be an actual developer? Why am I expected to toggle the option on and off just to bank (restarting my phone when I do)? Why is the message labled as somthing that will ""smoothen"" the experience? This is like the most ""security consultant"" thing to implement in an app. Please invest in actual security, not this mess.",1,2025-03-12,BOA,BOA Mobile,Google Play Store,138
e68af2d6-0770-4110-b3dd-167bb54cd017,Improved to be the best,5,2025-03-11,BOA,BOA Mobile,Google Play Store,1
a9e99120-460c-4cc0-8978-d1d601b89258,BoA,5,2025-03-11,BOA,BOA Mobile,Google Play Store,0
0e5e093a-1cf1-4c49-87ed-046888b8afa9,"Decent, but there problems sometimes it says error When i transfer money but infact it transferred because of this bug i transferred 2 times instead of 1 and also we can't transfer money to others telebirr acc we only can to our self BOE Dev fix this !!!",3,2025-03-10,BOA,BOA Mobile,Google Play Store,3
35ea7b31-46fb-47a7-b9c4-8a5e06161abd,BoA Greqt Ethiopian bank.,5,2025-03-10,BOA,BOA Mobile,Google Play Store,0
c9f8ff21-b8d1-400f-bb94-c98399a25ad5,"The bug is still there,the app crashes every time i try to log in, especially in old phones like my Galaxy A32",1,2025-03-10,BOA,BOA Mobile,Google Play Store,1
df027023-1b65-40e9-b2bf-de6fedc17c5d,Almost better compared to cbe where it is not qualified for,4,2025-03-09,BOA,BOA Mobile,Google Play Store,0
73ce76e4-b7a2-4ed8-b6fd-f9b388bdb4a6,what awesome apps. it is very simple to use and more much important apps.,5,2025-03-09,BOA,BOA Mobile,Google Play Store,2
1cfcfa11-67f5-4315-9f2d-f47ab27f0910,Wonderfull app,5,2025-03-07,BOA,BOA Mobile,Google Play Store,0
c292d2f8-1e0d-46ae-97f2-f3215a0bdf50,i can't use this app why?,5,2025-03-07,BOA,BOA Mobile,Google Play Store,0
1962d1c4-e2c2-4ac7-91b6-b0a75ae11d7a,Worst mobile banking app I ever experienced I was blaming other apps but comparing with this they're too much better!!!! It clashes it takes much longer time to login while loading in short it's a complete of trash,1,2025-03-06,BOA,BOA Mobile,Google Play Store,5
ab7b2d7e-b707-4546-b9ec-ad0da2cb9015,Wow,4,2025-03-05,BOA,BOA Mobile,Google Play Store,0
7d468428-1ccb-4528-9984-9324db9b9d2b,bro the worst app made by human kind!! as a software engineer it make me so sad seeing enterprise as big as BOA make apps like this. it is a disgrace for our country!!,1,2025-03-05,BOA,BOA Mobile,Google Play Store,0
ab512ec6-2eaa-496c-b0a9-ee21a2d810be,AGA B Girja Miss language of admin Afaan oromo & other Itoophiyaa languages,1,2025-03-04,BOA,BOA Mobile,Google Play Store,0
06384ab0-33e4-4d40-9ff0-735d46c30c17,Good app,5,2025-03-03,BOA,BOA Mobile,Google Play Store,0
49b877c9-5536-4be5-8674-e3ae975fa0ed,"I downloaded the app for the first time while reading other customers reviews and as soon as i installed and opened the app it closes back automatically, what unserious bank, now i uninstalled the app immediately",1,2025-03-02,BOA,BOA Mobile,Google Play Store,1
529fe570-b1aa-48b7-b349-444b98c1fce7,It has good features but sometimes it doesn't work...0,1,2025-03-02,BOA,BOA Mobile,Google Play Store,1
12f08f68-da19-4974-8086-304a40091d72,Very poor proformance,1,2025-03-01,BOA,BOA Mobile,Google Play Store,0
b7206c5f-267e-44f1-b044-8f6f9392701d,It's not opening. Really frustrating,1,2025-03-01,BOA,BOA Mobile,Google Play Store,2
d5e46c35-6bbf-4ce7-b184-cdc4c1e0eab1,Verry Amazing App from all IB,5,2025-03-01,BOA,BOA Mobile,Google Play Store,0
99172a2f-926c-48be-a1b0-3971b984b6b2,Not working on this days,1,2025-02-26,BOA,BOA Mobile,Google Play Store,0
781ff61a-6f89-4bb1-a455-9b66400b0cd7,Thank you BoA,5,2025-02-23,BOA,BOA Mobile,Google Play Store,1
cf026bee-94e7-4b9c-8a46-034354f9d171,best banking app in the wworld,5,2025-02-22,BOA,BOA Mobile,Google Play Store,1
9035f28b-9646-4fe9-80e1-6b6926b0289e,Nice app and it's easy to use,5,2025-02-21,BOA,BOA Mobile,Google Play Store,2
25b7eec9-d1ef-41be-8bb3-3fd1b1cb8068,"please add language in the apps setting(amharic afan oromo, tigniya,and others) sometimes bank to bank transfer is not available through time and even if if it is available not reachable‚Ä¶it is serious issue!",1,2025-02-15,BOA,BOA Mobile,Google Play Store,3
5e94fa10-612f-4422-8183-00d5050e8d98,This is help full i like ittttt,5,2025-02-14,BOA,BOA Mobile,Google Play Store,1
8d82d36e-ff01-40ab-83e7-cdb44af38a8e,The is not functional at all?,2,2025-02-12,BOA,BOA Mobile,Google Play Store,0
9b460da8-c607-47ba-89a3-76896c16c1e4,Best bank,5,2025-02-08,BOA,BOA Mobile,Google Play Store,1
d77a87f6-2a20-4b6b-b7fa-acbb3d19b636,Make it easy and convienient to use and perfect for all to high prefrence and choice.,3,2025-02-06,BOA,BOA Mobile,Google Play Store,2
37f0b34c-355b-425d-975d-04d8b8d3dd55,good,5,2025-02-04,BOA,BOA Mobile,Google Play Store,1
9c6f465f-7a3e-4fc6-9366-b5bcb418055c,üá™üáπüá™üáπüá™üáπüá™üáπüá™üáπüá™üáπüëçüëçüëçüëçüëçüëçüëç,5,2025-02-03,BOA,BOA Mobile,Google Play Store,1
63c608e3-85ac-46ab-a948-1ab4a81bd575,I have been using this app for two years.It is amazing.,5,2025-01-31,BOA,BOA Mobile,Google Play Store,3
6c922400-a56d-49e6-b5c6-d4bd7f806962,Good üëç,5,2025-01-31,BOA,BOA Mobile,Google Play Store,1
d36c1143-5ada-44f9-a679-c90ac5fd5d5c,Sad experience,1,2025-01-30,BOA,BOA Mobile,Google Play Store,0
c3b78417-6822-48b0-8c40-6f5f96d0e2b2,Always do update and that is annoying,3,2025-01-26,BOA,BOA Mobile,Google Play Store,0
86e6f672-4fd3-41dd-a49b-21e48aef587d,"Best app, somehow waiting a few minutes",5,2025-01-23,BOA,BOA Mobile,Google Play Store,2
7b07593c-a036-477b-b2d4-4e53fdc4c75e,I can't dijitalize my atm in the apollo app on my phone,1,2025-01-21,BOA,BOA Mobile,Google Play Store,1
06ad47bd-3a6a-45b4-ae10-6dd4170bc254,Whenever I try to sign in app close please fixed it out,2,2025-01-21,BOA,BOA Mobile,Google Play Store,0
e81c9036-4731-497a-ac35-81dfd3e7f42c,Beter,5,2025-01-21,BOA,BOA Mobile,Google Play Store,1
feea8767-74e7-472a-81ba-7c8968b67b14,Boa,4,2025-01-18,BOA,BOA Mobile,Google Play Store,0
6c01b8b7-76b7-4f56-a822-bdf7674d30a0,·â†·å£·àù ·ã®·àö·ã´·àµ·å†·àã ·ä†·çï ·â†·å£·àù ·ã®·ãà·à®·ã∞ ·ãú·àÆ ·äê·ãç ·ã®·àù·à∞·å†·ãç ·ãò·àÆ It's not App it's very slow ehhhh. Why don't you upgrade the app???? It's always zero,1,2025-01-18,BOA,BOA Mobile,Google Play Store,5
0a72e292-175c-4f96-be54-991436c22c8e,Aadan Axmed Barkhadle,5,2025-01-17,BOA,BOA Mobile,Google Play Store,1
591be00c-a536-4f4a-9095-1c6dfa6afe14,üò°üò°üò°ü§¨ü§¨ü§¨,1,2025-01-16,BOA,BOA Mobile,Google Play Store,0
46c41e87-0d7a-491b-8641-2c1acdaddea3,Horrible customer service and app crashes Horrible!!,1,2025-01-15,BOA,BOA Mobile,Google Play Store,2
9f4f98fc-8a93-414d-9219-f03dbebaf5b0,I love it,5,2025-01-14,BOA,BOA Mobile,Google Play Store,1
bd70c04c-b85f-47ac-b1e8-db0279790bf8,Best,5,2025-01-14,BOA,BOA Mobile,Google Play Store,1
1c339143-79e1-4f37-9ea7-398b7844903b,It keeps asking me to turn off developer mode even when dev mode is off. Couldn't use it.,1,2025-01-13,BOA,BOA Mobile,Google Play Store,6
30494702-39d6-493b-be77-d2a0f116ba73,Goodüôè,5,2025-01-11,BOA,BOA Mobile,Google Play Store,1
5055c357-676d-41eb-824d-48f9e78f41e7,Like to much,5,2025-01-10,BOA,BOA Mobile,Google Play Store,1
94acd1f3-c7e3-493f-9ded-b1f4186ac41b,Thank you,5,2025-01-10,BOA,BOA Mobile,Google Play Store,1
b3df844f-7e31-4b64-a029-381687431ca3,Perfect,5,2025-01-09,BOA,BOA Mobile,Google Play Store,1
0fbb5047-8399-4b6f-b063-ddcdeb3e209c,The best of best,5,2025-01-09,BOA,BOA Mobile,Google Play Store,1
fb9a7444-76cf-4f2d-a8be-72d3009a034c,I was using this app for long time it amazing user friendly UI but the i can't found for get pin button in the app,3,2025-01-07,BOA,BOA Mobile,Google Play Store,0
84b69538-8ba9-40c5-a8fa-2594a180d28b,Boa,5,2025-01-05,BOA,BOA Mobile,Google Play Store,1
4b5e8c4c-197d-42c4-bcbf-5765ec02a62b,Great üëç,5,2025-01-04,BOA,BOA Mobile,Google Play Store,1
9bea391b-234f-439d-a844-47d0c839a89a,Fast and suitable for the customers.,5,2025-01-03,BOA,BOA Mobile,Google Play Store,1
126026cc-90c8-4e55-81b4-46c7a87a7d88,Good üëç,5,2025-01-03,BOA,BOA Mobile,Google Play Store,1
cd4d09a6-07d1-44e8-9b1e-d990c3b0b70a,Good app and helpful,5,2025-01-03,BOA,BOA Mobile,Google Play Store,1
a7888312-64d5-44d6-b708-a6d29b168825,"I will give only one star, because it faced with multiple of problems. 1. The app is not as fast as the other banks App, for e.g like CBE 2. The App asks repeatedly to switch off developer options, even if it is switched off. 3. Bank of Abyssinia's services are interesting, but they ignored the issues on the App service. 4. Most customers gave a complain on the App, but no one accept their complain to fix the issue. 5. Lastly, I will not recommend the App unless the issue has been solved ASAP!!",1,2025-01-02,BOA,BOA Mobile,Google Play Store,23
800bc191-3aec-4666-9f08-4a393dc8501f,By assessing this you can tell Abyssinia bank has no idea what mobile banking is ?,1,2025-01-02,BOA,BOA Mobile,Google Play Store,0
c194a70d-aa2b-4775-8da5-bf51d1c51d2a,It doesn't work at all.,2,2025-01-02,BOA,BOA Mobile,Google Play Store,0
06692c6b-978f-4b52-bb83-6c38a11b2822,this app is not available,1,2025-01-01,BOA,BOA Mobile,Google Play Store,0
ccce0a29-6770-4fbc-b54e-9ecaf0f2cb6b,Best,5,2025-01-01,BOA,BOA Mobile,Google Play Store,1
89d3f60c-c554-4f6d-9436-ec9c80e8565f,Wow what amazing,5,2024-12-30,BOA,BOA Mobile,Google Play Store,1
3988392f-8e33-44f3-806b-557e12954c67,love it,5,2024-12-30,BOA,BOA Mobile,Google Play Store,1
b15954f4-c1d9-4b68-af8d-46e8df7a29fc,·â†·å£·àù ·àò·àª·àª·àç ·ä†·àà·â†·âµ....... ·àà ·â£·äï·ä© ·àõ·ã≠·àò·å•·äï ·àò·â∞·åç·â†·à≠·ã´ ·äê·ãç ::,2,2024-12-30,BOA,BOA Mobile,Google Play Store,0
c3a41a6c-cb85-4083-93d4-3bd6a57a339d,Lemn embi yilal??,5,2024-12-30,BOA,BOA Mobile,Google Play Store,1
27be3e55-033e-4be6-8a72-0815f09f8df7,Good,5,2024-12-30,BOA,BOA Mobile,Google Play Store,1
ea3d98d4-671c-4ac5-ab1d-f4d9177b1947,It's useless app downgraded.,1,2024-12-29,BOA,BOA Mobile,Google Play Store,0
2d52d1a5-525c-4655-b858-e8d0d2e20bc2,Why is not letting me access my account. The whole point of this app is for me to gey access to my account without physically being at the bank. I would give it a zero but a one will suffice to get my point accross.,1,2024-12-27,BOA,BOA Mobile,Google Play Store,8
e5e17a9f-1d1b-4f8e-a984-9a43eb48f8bd,Nice,5,2024-12-26,BOA,BOA Mobile,Google Play Store,1
6f08a7e9-d374-4337-aa1c-929bc4157b1b,When are you going to get rid of this and have a real app that works? By far the worst mobile banking app.,1,2024-12-23,BOA,BOA Mobile,Google Play Store,2
2e488711-7c0b-4546-b00a-bc58f90177dd,·ä†·ã≠·à∞·à´·àù ·àº·àù ·äê·ãç·ç§,1,2024-12-23,BOA,BOA Mobile,Google Play Store,0
4081310f-afcd-4c93-a22c-e9bd240129a9,Not that much bad,3,2024-12-22,BOA,BOA Mobile,Google Play Store,0
80aa6fcd-465d-457e-a55e-3fd747d894bd,Fine,5,2024-12-20,BOA,BOA Mobile,Google Play Store,1
6e64d84c-1cec-4122-91d6-049d64f0b1ad,The dirtiest application ever seen...,1,2024-12-20,BOA,BOA Mobile,Google Play Store,0
355cd8fe-a56a-4955-a4ae-c0cfe1fbdbcd,Nic ap,5,2024-12-19,BOA,BOA Mobile,Google Play Store,1
c44d86b2-4bea-423b-a3d6-069baf1a492a,The forest app ever,1,2024-12-19,BOA,BOA Mobile,Google Play Store,0
f467c327-ab9b-4e79-8d97-2e1b573f6c98,"I love BoA more than anyone but they are cursed when it comed to mobile banking. Even though this ine is hetter it still s*cks! It will ask me to turn off developer options other wise it won't work! I use CBE, Awash birr, tekebirr, Dashen bank and others but non of them asked me this, why only BoA? Please improve your mobile banking, be competitive!",1,2024-12-18,BOA,BOA Mobile,Google Play Store,10
8b6153b2-b998-4cc2-bae6-a27ff50642c9,Bank of abissena,1,2024-12-17,BOA,BOA Mobile,Google Play Store,0
dfb241c6-73c4-4cf3-9b91-dd154d0a541f,Good,3,2024-12-16,BOA,BOA Mobile,Google Play Store,0
b9b684de-8146-46ae-b1fa-8f07272c6fd2,"Easy and sooo simple to use it, also its easy to stole someones money using the app",3,2024-12-16,BOA,BOA Mobile,Google Play Store,0
baea25ff-25f4-4327-81c5-2681be122ee9,GOOD,5,2024-12-14,BOA,BOA Mobile,Google Play Store,1
56e4df5e-cfd9-4c86-b9b7-ec322a07674e,The worst banking app ever. Never works!,1,2024-12-13,BOA,BOA Mobile,Google Play Store,0
e4c77ae3-0541-45b5-84da-a02029e99719,Poorly functioning app,3,2024-12-13,BOA,BOA Mobile,Google Play Store,0
5c671d11-5836-41bc-a33b-ade0a31299ef,Very nice,5,2024-12-12,BOA,BOA Mobile,Google Play Store,1
56fe3f96-f2d8-4b8f-9766-8305907650d0,Your system is the worst you should do betterüò°üò°üò°üò°üò°üò°,2,2024-12-10,BOA,BOA Mobile,Google Play Store,0
2795b1e3-ccdc-4b4a-8c25-cd4c6cc0d2ba,It has been a while since you guys started giving the mobile app service but still couldn't get it to work. I'm sure you know that it doesn't work already but not sure if you're lazy or incompetent to fix it. You are losing business because of this. Complacency will have consequences.,1,2024-12-09,BOA,BOA Mobile,Google Play Store,19
93bee220-7c85-4d30-ba6f-c8168c201b5a,"This is the best app; many features are awesome, but it should work without the need to turn off the developer options. I'm tired of having to constantly switch the developer options off and on. I've been expressing my struggles about this. I have precious settings enabled in the developer options, and to open the App Boa app, I have to turn them off. Please help us, Abyssinia Bank. I hope you can provide an update soon.",4,2024-12-08,BOA,BOA Mobile,Google Play Store,47
6fe3a0f0-e9dd-4dcb-81ab-e478b1239d55,"I‚Äôm giving this app one star because there are no options below that. My experience has been incredibly frustrating due to the extremely long loading times, and the app even closes automatically at times. People choose mobile banking for its convenience, but this app is far too time-consuming, making it the worst I‚Äôve used. I hope improvements are made to enhance the user experience.",1,2024-12-07,BOA,BOA Mobile,Google Play Store,430
e19dc960-bb76-4c1b-8c49-3da106847b0d,Nice,5,2024-12-07,BOA,BOA Mobile,Google Play Store,1
9815bb8a-2108-49fe-8292-fb360aed8331,Very unprofessional and mischievous bank in my opinion. I have had several occasions but recently I used Abyssinia Card to withdraw money and it was deducted from my account but despite reporting several times they said they are processing it but I learned yesterday that since it has been 3 months the bank has decided to include it in their income. How absurd. If you can avoid this bank.,1,2024-12-06,BOA,BOA Mobile,Google Play Store,17
f07f9c2b-112a-4fe7-9187-0da7683616bc,It doesn't work on my 2 devices A05 and A34 üò°,1,2024-12-02,BOA,BOA Mobile,Google Play Store,1
709e40a3-94cf-4414-9d03-b83ab5783be2,My attention is very important because it will be the most difficult time for me,5,2024-11-30,BOA,BOA Mobile,Google Play Store,1
c150161c-e679-408f-aa76-41f4c9787f9a,"I have a worst experience while using this mobile application through out the year. Most of the time it fails to ""Login"" or automatically closed the app. And also it takes so much loading time (5 minutes +) trying to access the internal services. Sometimes also while transferring within and to other bank also fails. So, BOA please fix your app.",1,2024-11-28,BOA,BOA Mobile,Google Play Store,88
8c12373b-e19d-494f-8506-a54490d9709b,I don't know why but your apps start out great then all of a sudden don't workü§∑‚Äç‚ôÄÔ∏è,1,2024-11-28,BOA,BOA Mobile,Google Play Store,0
1756e606-985f-44eb-bab4-95bcf0848416,This application is losing major factions on a daily basis. I can count how many times I have used this app; it is completely useless and disappointing if I am not going to use it in times of need then I don't see the point.,1,2024-11-27,BOA,BOA Mobile,Google Play Store,19
a49183c0-2f37-4898-a64e-ab1cce218c2d,exellent digital transaction of money,5,2024-11-26,BOA,BOA Mobile,Google Play Store,1
5816b056-8f44-4faf-92a4-a28efd01448b,The latest update has stopped android 9 phones not to open this App. Never work properly since i started using it.,1,2024-11-26,BOA,BOA Mobile,Google Play Store,8
3916c795-44f4-4169-86aa-119ef8b78067,Best,5,2024-11-25,BOA,BOA Mobile,Google Play Store,1
10f38455-3c1d-4bec-a303-eef4cf41097a,Great,5,2024-11-25,BOA,BOA Mobile,Google Play Store,1
a4262b61-1cb9-414f-a99f-9ad1302aa769,üëèüëèüëè,5,2024-11-24,BOA,BOA Mobile,Google Play Store,1
600f542d-2c2f-4c6a-b49e-4f196764cfa9,Money,5,2024-11-23,BOA,BOA Mobile,Google Play Store,1
bd0a4a80-4971-4156-9418-bef834d65877,It needs more improvment,2,2024-11-23,BOA,BOA Mobile,Google Play Store,0
da8d6098-722b-4970-a9bd-8abb656976b5,Good app,5,2024-11-21,BOA,BOA Mobile,Google Play Store,1
e8a2d836-1548-4ddd-935b-a6c280ac8043,ab,3,2024-11-20,BOA,BOA Mobile,Google Play Store,0
ed76ddde-f121-4372-b182-4c5df2b80685,Ademtahir,5,2024-11-20,BOA,BOA Mobile,Google Play Store,1
282728fd-e404-49c7-b7af-e17f01a1247d,‚úåÔ∏è‚úåÔ∏è,5,2024-11-20,BOA,BOA Mobile,Google Play Store,2
3d00a389-ea31-4ae9-ae70-9014f48845ca,Please this app on my android phone,3,2024-11-19,BOA,BOA Mobile,Google Play Store,0
87a5eda7-9ff6-43ca-a3d4-baf44802a3dc,GOAT üêê üêê,5,2024-11-19,BOA,BOA Mobile,Google Play Store,1
d9c98c7f-3df6-466f-a6fc-820cb281fad1,"Your app doesn't match your bank, the app is disaster, super slow. Please learn something from tele birr app.",1,2024-11-19,BOA,BOA Mobile,Google Play Store,5
695331e7-0600-4a44-805b-255770e5f33b,Fast and reliable,5,2024-11-18,BOA,BOA Mobile,Google Play Store,1
3d362e0c-4c39-498b-8b61-b52226effacd,"The worst app update ever. Why would you include the ""developer option off"" thing here? Why do you care? It is my phone my money, right? That is the reason why I switched to other banks. So either turn it off or everyone will discontinue their business one by one.",1,2024-11-17,BOA,BOA Mobile,Google Play Store,23
8820e991-f423-4207-84ee-1504f70f3f99,Very good,5,2024-11-14,BOA,BOA Mobile,Google Play Store,1
f106cb33-9dcb-4a38-a65d-3cbb1a9a790e,One of the poorest mobile banking system,1,2024-11-13,BOA,BOA Mobile,Google Play Store,0
295d2e05-79ca-409a-be45-0388efa2f3b6,‚ù§‚ù§‚ù§‚ù§‚ù§‚ù§,5,2024-11-12,BOA,BOA Mobile,Google Play Store,1
31842334-938e-4309-8db6-d6f4f9da1fcf,Oene,5,2024-11-12,BOA,BOA Mobile,Google Play Store,1
6446c637-4d71-4aa9-b09c-abcc44110734,i find it interesting specially in reciept downloading,1,2024-11-12,BOA,BOA Mobile,Google Play Store,0
e165c4d1-4d0e-4f81-920a-3d7f2a3acc38,it good,5,2024-11-12,BOA,BOA Mobile,Google Play Store,1
e086cf56-30a1-4650-b7c7-492dbab0f831,"This app crashes everytime, please fix it",1,2024-11-12,BOA,BOA Mobile,Google Play Store,0
5d19cf33-a0a2-4263-ae80-c963660bde79,·ä†·äï·ãµ star ·à´·à± ·ã≠·â†·ãõ·â†·â≥·àç·ç¢ i dont recomend to use this app also the bank,1,2024-11-12,BOA,BOA Mobile,Google Play Store,0
316e654c-3526-4bca-8086-60b63895f732,I need a support the app is not working,5,2024-11-12,BOA,BOA Mobile,Google Play Store,1
553a157d-5f77-4f45-849e-6985fd3f61ca,Bast bank of ethiopia,5,2024-11-12,BOA,BOA Mobile,Google Play Store,1
222dde44-b0d2-497b-8c48-f0760acab14f,Good,5,2024-11-12,BOA,BOA Mobile,Google Play Store,1
3bf25c8f-faed-49a0-b64c-feff01ccadfb,very slow app. ·ä†·â¢·à≤·äí·ã´·äï ·ä®·àö·ã´·ä≠·àç ·â£·äï·ä≠ ·ã®·àõ·ã≠·å†·â†·âÖ software app. ·ä®·âª·àã·âΩ·àÅ ·àô·àâ ·àà·àô·àâ ·ä•·äï·ã∞·åà·äì ·ä†·à∞·à©·âµ·ç¢·â†·å£·àù ·ã≠·àò·à´·ã´·àç ·ã´·à≥·çç·à´·àç·ç¢·ààapp ·ã®·ãà·å£·ãç ·ãà·å≠ ·â†·àô·àµ·äì ·ã®·â∞·â†·àã ·äê·ãç ·ã®·àö·àò·àµ·àà·ãç·ç¢,1,2024-11-12,BOA,BOA Mobile,Google Play Store,0
d7d3b979-cd01-4ecf-936f-02cb87adc6b3,"thank you for your social services like, vertual banking, non touch ATM, Cadrless and withdrwal with out passbook...",5,2024-11-12,BOA,BOA Mobile,Google Play Store,1
fe160342-c4b4-442c-910c-2ddce8172994,The worst App i have never seen like this before,1,2024-11-12,BOA,BOA Mobile,Google Play Store,0
e1751a71-a0e6-47a5-9045-9bf2423acfed,Wweeeer,4,2024-11-11,BOA,BOA Mobile,Google Play Store,0
a9aef84b-de22-4145-b107-b18b44ea617d,Infinx,5,2024-11-11,BOA,BOA Mobile,Google Play Store,1
193d231d-a098-4e8b-992e-96c9d9b43bee,Great service,5,2024-11-11,BOA,BOA Mobile,Google Play Store,1
92a7307e-7ff4-4412-903b-7e0a331febea,üëç,5,2024-11-11,BOA,BOA Mobile,Google Play Store,1
10cdcbf6-81ab-4281-8583-665788be8e91,This app is not available on all android versions and some times it is not functional.,1,2024-11-08,BOA,BOA Mobile,Google Play Store,2
d8ad8495-2424-4c41-9e0c-7f484eedacc0,senayt Mesfin,4,2024-11-08,BOA,BOA Mobile,Google Play Store,0
8405e36b-c5ee-4a39-92b8-2bbda678dcf1,Bad app vety bad.,1,2024-11-06,BOA,BOA Mobile,Google Play Store,0
643dd819-c970-4240-b620-ce2dff61d731,Nice,5,2024-11-06,BOA,BOA Mobile,Google Play Store,1
ad41ef41-4f31-4dc7-a2dc-b48d3d38a5cd,Abessnya Banke,5,2024-11-05,BOA,BOA Mobile,Google Play Store,1
ac6715ed-80bf-4720-8893-cd6f0340c82c,"The most useless app, I never expected such an irrelevant app from BOA. big shame!",1,2024-11-04,BOA,BOA Mobile,Google Play Store,0
1278f570-8dea-4557-a749-5466685c05e4,Professional on banking app,5,2024-11-01,BOA,BOA Mobile,Google Play Store,1
169b6d5b-b5df-4a42-9168-ce968142da5b,Has some nice interface but always freezes or slow to load .App developers please fix this issue.,3,2024-10-27,BOA,BOA Mobile,Google Play Store,11
14287667-7529-4f0a-b119-c9a37b43b788,·ä†·ã≠·à∞·à´·àù ·ä†·àµ·â∞·ä´·ä≠·àâ·âµ,5,2024-10-26,BOA,BOA Mobile,Google Play Store,1
518dfdbb-4c08-469f-aee2-3caba92930ac,Please try another because this app doesn't feet the need of this generation,1,2024-10-25,BOA,BOA Mobile,Google Play Store,0
9f7fb2e7-377c-47d0-8018-8361713089a3,Good,4,2024-10-25,BOA,BOA Mobile,Google Play Store,0
a151105b-8d49-4e7a-bf55-62feca737e04,Fast transfer,5,2024-10-24,BOA,BOA Mobile,Google Play Store,1
9b20307d-6ea1-4920-a74f-b5d6f16390bb,"What's up I can't log in, what's wrong",5,2024-10-21,BOA,BOA Mobile,Google Play Store,1
908563f1-4304-45f7-a634-e4e4e64e8118,Amrumehamed,1,2024-10-21,BOA,BOA Mobile,Google Play Store,0
87b4dda8-40de-44ff-aa27-ba8cf4776e03,Good,5,2024-10-19,BOA,BOA Mobile,Google Play Store,1
4fe26762-e4bf-4ebd-bbeb-538577f6d724,"Nice to meet you my proud bank in Ethiopia.. I'm a member of this bank, i need to solve my problem of international receiving money for me from my online digital working service's over the world please? I'm working a lot of international money.But i can't get direct in Ethiopia because of don't knowing the legal ways of getting money in Ethiopia please can I get and direct deposit with BoA please üôèüôèüôè?",5,2024-10-18,BOA,BOA Mobile,Google Play Store,1
8da94e53-0cd0-4d47-9df1-8cd3dac4779f,Very good,5,2024-10-18,BOA,BOA Mobile,Google Play Store,1
2b806bfe-bc20-4ca9-8d33-3e3d420beb79,·ã∞·ã∞·åà·äê·àê,5,2024-10-15,BOA,BOA Mobile,Google Play Store,1
03ed7b23-17b8-4ae5-9c2f-29922a888edf,"Terrible Bank Experience It‚Äôs unbelievable that with all the modern technology, this bank still struggles with even basic transactions. The app constantly crashes, services are limited, and every time I try to transfer money or load Telebirr, there‚Äôs a huge delay. I have to wait 5 days for failed transactions to be refunded! Even USSD is unreliable. They‚Äôve put me in embarrassing situations countless times, and customer care never fixes anything. I‚Äôve switched banks, and you should too!",1,2024-10-13,BOA,BOA Mobile,Google Play Store,26
df4d9c87-1a87-4a1d-8900-581c52470725,A painfully slow banking app service. Please don't make it your choice!,1,2024-10-12,BOA,BOA Mobile,Google Play Store,0
5d22ff1e-78a6-4da7-8128-fa0bfd0f4850,Good App,4,2024-10-12,BOA,BOA Mobile,Google Play Store,0
e3dac0d5-d198-42ee-8536-2d6fd0365164,Best app to me,5,2024-10-11,BOA,BOA Mobile,Google Play Store,1
3394a77e-9fd2-41f9-be45-00812de92767,BOA,5,2024-10-11,BOA,BOA Mobile,Google Play Store,1
a526225b-3f7c-4dd0-8772-8ce18eea7318,Abdulkadir,5,2024-10-10,BOA,BOA Mobile,Google Play Store,1
be744ade-9b10-4b61-a1ee-5afc836bf602,Bad,1,2024-10-10,BOA,BOA Mobile,Google Play Store,0
1d49e80a-b12c-4cd5-abd9-b9b2d6612d64,If it is possible I would gove0 star,1,2024-10-08,BOA,BOA Mobile,Google Play Store,0
d1c75600-5e8d-416b-8627-b3700bc64633,Nise mobile bankig,4,2024-10-05,BOA,BOA Mobile,Google Play Store,0
ac7391a6-712b-424c-970d-6dba1a0dd845,Overall good app but performance needs some improvement also sometimes when using instant other bank transfers it refuses causing to be repeated several times to transfer,4,2024-10-04,BOA,BOA Mobile,Google Play Store,1
3cbcde95-2c0c-41d1-be22-203369552ed1,Ok,5,2024-10-04,BOA,BOA Mobile,Google Play Store,1
ab760759-00d0-43fd-9267-f1d3f34a74e6,Just make it work pleaseü§£ this is embarrassing for a bank of your size,1,2024-10-04,BOA,BOA Mobile,Google Play Store,0
3a05c496-6385-4903-b2f5-54f69bdd8ee7,Update to the simplest way it requires the developer option on and off why this is,5,2024-10-03,BOA,BOA Mobile,Google Play Store,58
94ba00d0-c2e8-4e21-9e71-af2395f2d0ca,"Stop telling me what to do with my phone, BOA. Why does your newly updated app keep asking me to disable the developer options? I‚Äôm not slowing down my phone just to use your God damn app. ü§Æü§Æü§Æü§Æ",1,2024-10-03,BOA,BOA Mobile,Google Play Store,16
b4f29388-db8b-4ce7-9539-82a8c57b071a,I'm living out of country how may I download and use mobile banking? It asks me the Ethiopia phone number and I can't receive text to confirm because I'm out side the country. So please lete know if I can use while I'm outside the country. Thanks,1,2024-10-03,BOA,BOA Mobile,Google Play Store,1
dd79ea31-05db-44d3-8af1-7bb5142df8b5,Good,3,2024-10-03,BOA,BOA Mobile,Google Play Store,0
cd089947-bc9a-41cf-a17d-9bf390c91485,Worest app,1,2024-10-03,BOA,BOA Mobile,Google Play Store,0
510eb8c1-9b58-4989-bdd1-674fa63c3d08,The worest app ever,1,2024-10-03,BOA,BOA Mobile,Google Play Store,0
f242b9c6-0093-4b0d-85c6-fec827999123,·ä†·à™·çç ·äê·ãç ·â†·à≠·â±·àç·äï,5,2024-10-02,BOA,BOA Mobile,Google Play Store,1
2755e189-b073-4641-897e-3cfa2aa25a25,Wwwerrr,5,2024-10-02,BOA,BOA Mobile,Google Play Store,1
6bcdcd0b-f657-4972-b10b-ed371d2f777a,·åÄ·àõ·àç ·ãç·âÄ·â±,5,2024-09-30,BOA,BOA Mobile,Google Play Store,1
4cbbb09a-77c0-45b2-89e6-784c7186918b,Great For Financial company,5,2024-09-29,BOA,BOA Mobile,Google Play Store,1
1afdfab9-884b-4dd2-9881-a468a0eb567f,Very easy to use,5,2024-09-29,BOA,BOA Mobile,Google Play Store,1
5d940978-07d3-41d9-81b1-74867eb724a3,The App's crash always.. Error.....,3,2024-09-27,BOA,BOA Mobile,Google Play Store,0
180bed10-eda6-4491-84cf-93d55ff8d92c,This app is incredibly frustrating to use. It‚Äôs filled with issues that make it difficult to navigate and complete tasks efficiently. I‚Äôve never encountered such a poorly designed banking application before. It needs significant improvements to enhance user experience. It deserves a vey low rating.,1,2024-09-26,BOA,BOA Mobile,Google Play Store,10
850671a8-8f81-4e02-9b60-6dbde1dd2337,nice,5,2024-09-25,BOA,BOA Mobile,Google Play Store,1
e03e750f-2744-47c8-9f9b-e54a13cde49a,Great UI and seamless UX. I love it!!,5,2024-09-25,BOA,BOA Mobile,Google Play Store,3
a84791b9-6811-4e81-9461-b4e880dee4d6,That's too good application but try to add more alternatives and futures or possibilitys for your customers,3,2024-09-25,BOA,BOA Mobile,Google Play Store,0
f4b63e31-2da1-40e8-acf5-fdb0a6e0b1a0,It's easy used to operate program and secured üëçüëç,4,2024-09-25,BOA,BOA Mobile,Google Play Store,4
0382f8e0-e971-4b72-8392-b9aca8d61d7e,I bought a mobile card on this app but I didn't receive it and it took my money and I didn't get my money back.,1,2024-09-21,BOA,BOA Mobile,Google Play Store,0
94ec4e55-4d37-4a20-8e6d-780bd3a0fc1f,Amazing,5,2024-09-19,BOA,BOA Mobile,Google Play Store,1
9a938500-3558-429f-b5aa-f84792f3e442,Great app with great services,5,2024-09-18,BOA,BOA Mobile,Google Play Store,1
a5ea959a-2e3d-442b-ba31-70b22aebb873,Yes active user,5,2024-09-17,BOA,BOA Mobile,Google Play Store,2
7ca610e2-15b8-4a7c-8ce2-f59bb9e86c63,Shameful,1,2024-09-17,BOA,BOA Mobile,Google Play Store,0
432b754e-574b-4686-8f97-7a8f80f3a39d,The worest app ever made i would not recommende for no one,1,2024-09-16,BOA,BOA Mobile,Google Play Store,0
889a96ef-4854-4b7c-a3f5-a666fb79307a,Good application,5,2024-09-16,BOA,BOA Mobile,Google Play Store,1
100f95da-d8b6-4b6c-b634-51d211b33af5,I like,5,2024-09-16,BOA,BOA Mobile,Google Play Store,1
451914ac-f6a0-4733-9e25-494bcb7a28c7,Good,5,2024-09-16,BOA,BOA Mobile,Google Play Store,1
c33b61e9-53db-4349-9ffb-a0d8a5a59051,"How many hours should I wait after transferring money to telebirr, please do something about the transfer delay issue I need my money when ever.",1,2024-09-15,BOA,BOA Mobile,Google Play Store,0
a8423c57-d734-4ebf-9dda-4f4dd43091ec,"BOA is unreasonably holding and delaying transactions for more than a day, even transactions within the same bank itself. This is a huge gap that I observed in BOA mobile banking. I didn't experience this kind of challenge while having transactions in other banks' mobile banking platforms. After waiting so long, I called your customer support team and the response they gave me was ""it was the system that holds the transaction & will be released on working days"". This is not totally fair.",1,2024-09-14,BOA,BOA Mobile,Google Play Store,22
72e37eb9-220e-4ebb-8068-a846c6c2ec45,·ã®·ä•·à≠·àµ·ãé·äï ·â∞·àû·ä≠·àÆ ·ã≠·åç·àà·åπ (·ä†·àõ·à´·å≠),5,2024-09-14,BOA,BOA Mobile,Google Play Store,1
7f00e003-f4e4-49e1-bdd1-16c71454d8ea,It's not working. It needs a big update. Can't you update the app quickly?,1,2024-09-14,BOA,BOA Mobile,Google Play Store,0
15bcf00e-6cb4-4e13-9ded-9b6a1cce2bd8,"I am Aimohon Joel , It's can be Good for a Better Conversation in Time üôÇ",3,2024-09-13,BOA,BOA Mobile,Google Play Store,0
a597b94a-ed3c-4fa9-a749-a23d54faa49c,"Better app than most mobile apps, but why do I have to turn off developer option every time I wanna use the app?? It's annoying.",1,2024-09-13,BOA,BOA Mobile,Google Play Store,5
8f298344-5e64-4ebe-bbcc-c24b6909b563,Bes and freindly app,5,2024-09-12,BOA,BOA Mobile,Google Play Store,1
6bd7e86b-f9b2-4204-925d-33082e883d64,It doesn't work.,1,2024-09-12,BOA,BOA Mobile,Google Play Store,0
1e10c54c-f676-477c-9a7b-bb0aba1aeb9e,"It say ""The request was not successful. please check device connectivity or try again"" why? One of the bank manager told me it is because of my phone's android version which is 9.1 It is ridiculous! Disappointing",1,2024-09-11,BOA,BOA Mobile,Google Play Store,9
f736ba52-844f-46ef-9164-1803171f7177,How to download or screenshot of payment receipt...what kinda worst app ever ü§Æü§Æü§¢,1,2024-09-11,BOA,BOA Mobile,Google Play Store,0
4efeb787-8699-49a8-a40a-03e5692a2596,Good,5,2024-09-10,BOA,BOA Mobile,Google Play Store,1
156a8b49-e33e-4088-85d6-879c49082f30,Smart technology,5,2024-09-09,BOA,BOA Mobile,Google Play Store,1
d6d25233-fa63-4817-a558-29517149d2ff,Yegema app tishü™®,1,2024-09-07,BOA,BOA Mobile,Google Play Store,0
0b18f9f3-e411-4e7c-96fe-40fef1a63e98,Ok,5,2024-09-07,BOA,BOA Mobile,Google Play Store,1
07b686cc-bf94-4164-a731-684fa29cfb83,"This is not an appropriate app, i don't know how boa develops this app, i don't expect this much crazy and un confortable app form BOA, I'm soory!!!",1,2024-09-07,BOA,BOA Mobile,Google Play Store,0
83311c04-cd01-496c-b382-2caaa5132819,"Shockingly bad! Even when it decides to work, it's painfully slow and frustrating. Such a shame that it has become a stain on an extraordinary bank",1,2024-09-06,BOA,BOA Mobile,Google Play Store,3
a2fb35e2-3828-4626-bddb-7443e04bf770,"It crashes frequently. It launches on Android 8.1 but I don't think it actually works on versions less than 10. If so, it shouldn't be available for download by such devices to begin with, like many other finance apps are not. It was so much better three months ago, upgrades should be for the better.",1,2024-09-06,BOA,BOA Mobile,Google Play Store,17
3283f02f-0474-44ec-b7d6-5e90c94d88d4,Awesome application. But lately its crashing everytime i opened it.,4,2024-09-05,BOA,BOA Mobile,Google Play Store,0
46e93d8a-1db7-4de9-af68-14e66a30c6c1,·ä•·åÖ·àù ·â†·å£·àù ·ã∞·ä´·àõ ·ä†·çï ·äê·ãç ·à≤·çà·àç·åç ·ã≠·ä®·çç·â≥·àç ·à≤·çà·àç·åç ·ä†·ã≠·ä®·çç·âµ·àù ·ä®·ä†·ãã·àΩ ·ä•·äì ·äï·åç·ãµ ·â£·äï·ä≠ ·ã®·àò·à≥·à∞·àâ ·â£·äï·äÆ·âΩ ·à≤·ãà·ã≥·ã∞·à≠ ·àû·â£·ã≠·àç ·â£·äï·ä™·äï·åç App ·ä•·åÖ·åç ·ã®·àö·ã´·â†·à≥·å≠ ·äê·ãç ·àà·ãç·å• ·ã´·àµ·çà·àç·åã·âΩ·äã·àç,1,2024-09-05,BOA,BOA Mobile,Google Play Store,0
9815fc5f-16d3-4d71-bbd2-2e2712064003,good,5,2024-09-04,BOA,BOA Mobile,Google Play Store,1
625e7055-7dac-4aa3-809b-de7ef171fb92,Fast one,3,2024-09-04,BOA,BOA Mobile,Google Play Store,0
ed313595-7211-44a8-9b42-defd7503aebc,Nice looking app but a terrible user experience.,1,2024-09-03,BOA,BOA Mobile,Google Play Store,0
2d922abd-f8f3-4666-8a3f-d83060bb7b5d,The worest MB app ever!!üôÑ,1,2024-09-02,BOA,BOA Mobile,Google Play Store,0
2518f2a5-fdbb-4ed2-bcc6-3c294e555e9d,Very good,5,2024-09-01,BOA,BOA Mobile,Google Play Store,1
2e1591df-5f9d-40b1-a355-a88a45119960,It is ok,5,2024-09-01,BOA,BOA Mobile,Google Play Store,1
861dcf64-11ac-4109-9416-dca7c303cdf9,Plz fix the Apps ....screenshot lovation hide from glarey share botten not worküòîüòî,1,2024-08-30,BOA,BOA Mobile,Google Play Store,1
b154b824-bad2-4f80-8a15-979f76b46075,Good,5,2024-08-30,BOA,BOA Mobile,Google Play Store,1
f1e5d348-ac0a-4b00-8bbf-9c71151e4b32,Apollo's,1,2024-08-29,BOA,BOA Mobile,Google Play Store,0
9ecfe32c-ca36-4390-b7c5-73b509e9eb02,The worst experience ever,1,2024-08-29,BOA,BOA Mobile,Google Play Store,0
b15b04c0-0c95-4ef7-bf69-1a458114f5db,Hussenaliumar,5,2024-08-29,BOA,BOA Mobile,Google Play Store,1
fbda0e53-962d-4824-a8f5-849c6d8f3d7e,Good,3,2024-08-28,BOA,BOA Mobile,Google Play Store,0
8d23e22a-989a-44bb-81bf-3f34c868d3de,Hi I have problem with this App BOA mobile I don't know what is wrong with this App I did many times download but it's sam doesn't work if sam like that this app way I have to be customer with them how I know my account and checking save The book is no Not enough alone,1,2024-08-27,BOA,BOA Mobile,Google Play Store,5
a3d2eb8a-821b-4e7a-8811-13e76f876378,It is not work for my device,5,2024-08-27,BOA,BOA Mobile,Google Play Store,1
8f57afa4-5ed4-4db7-ab84-7b52045fa94e,"I'm Sick and tiered of enabling and disabling Developer Option Everytime I use this app. maybe you know it maybe you dont, fix it please it's anoying",1,2024-08-26,BOA,BOA Mobile,Google Play Store,4
a5c6ec4a-ac4e-4ab7-83dd-271c28d11492,The worst app ever,1,2024-08-26,BOA,BOA Mobile,Google Play Store,0
41bb6fe1-d75c-4f69-908e-cd1000cb6b98,Good,5,2024-08-26,BOA,BOA Mobile,Google Play Store,1
51aba586-a360-476f-8523-7772f8f56827,Betanya Gebre,3,2024-08-23,BOA,BOA Mobile,Google Play Store,0
9fa13def-7ef1-4e33-bbd4-24d4a4c2c1b0,I dont recommand it to any one,1,2024-08-23,BOA,BOA Mobile,Google Play Store,0
73bf10cd-963e-4696-879a-442ec5a4081a,Good,5,2024-08-21,BOA,BOA Mobile,Google Play Store,1
1b043c6b-bf34-4b3b-a43b-a35d2613fb26,Excellent app,5,2024-08-21,BOA,BOA Mobile,Google Play Store,1
13cb3aad-a536-447c-8e30-2d7eaedcf5e4,"The application used to work well. But after updates I'm not able to use the forgot password feature, which is blocking me from accessing it as a whole.",1,2024-08-20,BOA,BOA Mobile,Google Play Store,9
f6336b23-e16d-4639-8229-d2104fa01a34,·âµ·à≠·àÉ·àµ,5,2024-08-19,BOA,BOA Mobile,Google Play Store,1
8a23ca3d-01db-4da4-b5ad-6e6b510ca564,Gio,4,2024-08-19,BOA,BOA Mobile,Google Play Store,0
e7724869-421f-4e36-be90-104ea76feb33,App isn't working,1,2024-08-18,BOA,BOA Mobile,Google Play Store,0
e8af57ac-dc4a-452b-9bc5-4787b61f6f04,Best app,5,2024-08-18,BOA,BOA Mobile,Google Play Store,1
7172704c-d6ab-4ee6-8c06-7e540a7d5fc7,so far good but always it lugs,3,2024-08-17,BOA,BOA Mobile,Google Play Store,0
fd6fe106-f83e-4e61-8f27-3555b7e5a227,Don't trust this bank and its service.,1,2024-08-16,BOA,BOA Mobile,Google Play Store,1
bd90f06d-8e5d-498a-b0be-de5110c3c700,"I can not open and use the application,please help me!",5,2024-08-15,BOA,BOA Mobile,Google Play Store,1
dd890ab7-af02-4efa-8e9e-33316a7160bd,Horrible,1,2024-08-14,BOA,BOA Mobile,Google Play Store,0
b9ddd42d-164a-41e5-b5cd-55dd14cfbd8c,Mostly not working üòë,1,2024-08-14,BOA,BOA Mobile,Google Play Store,0
6dbac161-ee8d-451c-8474-f79f10705e4a,Good,5,2024-08-13,BOA,BOA Mobile,Google Play Store,1
05a7adf0-3cd0-4f89-86da-35c241d648a4,Awesome üëå,5,2024-08-12,BOA,BOA Mobile,Google Play Store,1
6e039674-a668-43a6-8d89-201a4c32000e,"Despite the enhanced technology you have, the application doesn't work properly, and it asks for the developer option to be turned off, fix that.",3,2024-08-12,BOA,BOA Mobile,Google Play Store,22
f2eec1d7-ae40-470e-b9f3-bd992ae32037,Thank you,3,2024-08-12,BOA,BOA Mobile,Google Play Store,1
f3cb13b7-59a4-4910-8373-e7a7f3f9d1e9,Very poor app b/c highly slow to open the app,1,2024-08-11,BOA,BOA Mobile,Google Play Store,0
68af9c89-56b9-4059-8112-23e5a03a7648,Ok,5,2024-08-11,BOA,BOA Mobile,Google Play Store,1
a2b03cf9-f97f-487c-b55b-58acfe13b6ac,best,1,2024-08-11,BOA,BOA Mobile,Google Play Store,0
0f22d859-973b-46a7-bf95-4e8e14affd35,Best app,5,2024-08-11,BOA,BOA Mobile,Google Play Store,1
501db4c8-f14f-4810-9590-d4ab79be84a2,Wedi Tekle .,5,2024-08-11,BOA,BOA Mobile,Google Play Store,1
91b3d4e5-b3c9-4de6-8bbd-99cfec87e3d0,Bad appüì±üëéüëéüëé,1,2024-08-11,BOA,BOA Mobile,Google Play Store,0
0893e704-f5b8-49d8-b12d-dd7e8924daa6,Dura nan fayyadaman ture amma garuu naaf hojjechaa hin jiru maaf?,5,2024-08-10,BOA,BOA Mobile,Google Play Store,1
a7f22b9a-35a4-4bb9-ba49-badf18ba0243,Nice appp,5,2024-08-10,BOA,BOA Mobile,Google Play Store,1
aeea13da-3744-4721-95b1-60031b562393,·à∞·àã·àù ·ä†·â¢·à≤·äí·ã´·ãé·âΩ ·ã®·àû·â£·ã≠·àç ·â£·äï·ä™·äï·åã·âΩ·àÅ ·â∞·å†·âÉ·àö ·äê·äù ·ä†·åà·àç·åç·àé·â±·äï ·àµ·àã·àµ·åÄ·àò·à´·âΩ·àÅ·àà·äï ·ä•·äì·àò·à∞·åç·äì·àà·äï·ç¢ ·äê·åà·à≠ ·åç·äï ·ä†·àà·çé ·ä†·àç·çé ·ã®·äê·â†·à®·ãç ·ã®·àõ·àµ·çà·äï·å†·à™·ã´·ãç ·â†·ä†·åç·â£·â° ·ä†·àà·àò·àµ·à´·âµ ·ä†·àç·çé ·ä†·àç·çé ·ãà·ã∞·àò·àµ·à´·âµ ·â∞·âÄ·ã≠·àØ·àç ·ãµ·àÆ ·ä•·äï·ã∞·äê·â†·à´·âΩ·àÅ ·ä•·äì·ãç·âÉ·àà·äï ·ãò·äï·ãµ·àÆ·àù ·â•·âµ·äñ·à©·àç·äï ·ä•·äï·àò·à≠·å£·àà·äï *·ä®·ãò·àò·äï ·ä†·äï·åâ·ã∞·àç*,3,2024-08-10,BOA,BOA Mobile,Google Play Store,0
ba879c5c-680b-4f62-867c-3f7e8fd1e694,Gooood app my dear,5,2024-08-09,BOA,BOA Mobile,Google Play Store,1
88e2b5f6-040e-452a-9bad-a98caa89cd95,Harun tamam galanaa,3,2024-08-09,BOA,BOA Mobile,Google Play Store,0
98b97eb6-5299-43f7-a372-45b0a486318b,"A total disaster of an app. Always offline, never works, it's embarassing. I've lost hope and taken my business to a competitor",1,2024-08-08,BOA,BOA Mobile,Google Play Store,10
7e4a7ccf-64df-4cbe-9a5b-f92e188de048,Gamebela,1,2024-08-08,BOA,BOA Mobile,Google Play Store,0
56402226-89f9-4f56-9761-e0dfeed5718b,so poor app to use can't start up when open the app,1,2024-08-08,BOA,BOA Mobile,Google Play Store,0
9151c064-a00f-4efc-ad7a-1f632401b194,"This app takes too long time to be opened. And even it is not working simply as other banks application. Why this app does not give a digital invoice. Even, I am not able to find where the screeshot is kept after transaction. So, please the developer should fix all these.",1,2024-08-07,BOA,BOA Mobile,Google Play Store,44
0ca7af9c-8acd-4e40-a06e-c6e886e84b41,Good job,5,2024-08-07,BOA,BOA Mobile,Google Play Store,1
85a692a1-c9ed-4525-a373-8756f3b9724a,"Worst app ever, not user friendly, even doesn't serve basic functionality correctly, takes to much time to login and navigate through the app, we expected more from this bank",1,2024-08-07,BOA,BOA Mobile,Google Play Store,6
a675a95c-617f-4cb3-9fe2-2ee0721daa04,good,3,2024-08-07,BOA,BOA Mobile,Google Play Store,0
03da81fe-f882-4c5f-ab9a-6fe98ff580c7,Good,5,2024-08-07,BOA,BOA Mobile,Google Play Store,1
45b0b82d-0f4e-423c-b3d2-6241e89b24bb,Bad app .,1,2024-08-06,BOA,BOA Mobile,Google Play Store,0
c22c687c-b43d-418d-bd9a-c534c12bdee4,"I mean how could a big financial company like this, be this much irresponsible to release this app? You should be ashamed!",1,2024-08-06,BOA,BOA Mobile,Google Play Store,0
61776f16-8a06-4dee-bac3-c902ab447b13,Review,5,2024-08-06,BOA,BOA Mobile,Google Play Store,1
65f4e3f7-9ce6-409d-8f06-4479c3418d3f,Goood,4,2024-08-06,BOA,BOA Mobile,Google Play Store,0
ff078b88-0b15-49b1-8222-9d9d6125bb1b,Ok,5,2024-08-06,BOA,BOA Mobile,Google Play Store,1
5744dc68-9598-4762-9c1f-60d273f69ac1,üëéüëéüëéüëéüëéüëéüëéüëéüëé,1,2024-08-05,BOA,BOA Mobile,Google Play Store,0
5af4e484-25a8-4612-a21f-78d14133c52d,Is it necessary to switch off developer options every time to use mobile banking?ü§îü§îüò°üò°üò°,1,2024-08-04,BOA,BOA Mobile,Google Play Store,0
d65cb095-4aad-44b5-ace2-de0e6be51444,The previous version is better it doesn't work,1,2024-08-03,BOA,BOA Mobile,Google Play Store,0
